id,text
1,茨城県は関東地方の北東部に位置し、海と山に囲まれた自然豊かな地域です。
2,県庁所在地は水戸市で、水戸黄門で有名な徳川光圀ゆかりの地として知られています。
3,納豆は水戸市の特産品であり、全国的にも有名です。
4,偕楽園は水戸市にある日本三名園の一つで、特に梅の季節には多くの観光客が訪れます。
5,筑波山は西側の男体山と東側の女体山からなる双耳峰で、「西の富士、東の筑波」と称されます。
6,鹿島神宮は、関東地方で最も古い神社の一つとされ、武道の神様として信仰を集めています。
7,ひたちなか市にある国営ひたち海浜公園は、春のネモフィラや秋のコキアなど、四季折々の花々が美しいことで有名です。
8,笠間焼は、茨城県笠間市を中心に作られる陶器で、素朴ながらも味わい深い魅力があります。
9,常陸牛は、指定された生産者が育てた黒毛和牛のことで、きめ細かな肉質と豊かな風味が特徴です。
10,大洗海岸の神磯の鳥居は、日の出の絶景スポットとして知られています。
11,あんこう鍋は、冬の茨城を代表する郷土料理で、特に肝を使った濃厚な味が人気です。
12,メロンの生産量は日本一で、特に鉾田市周辺が有名です。
13,袋田の滝は、日本三名瀑の一つに数えられ、四段に流れ落ちることから「四度の滝」とも呼ばれます。
14,茨城空港は、国内線と国際線が就航しており、アクセス拠点の一つとなっています。
15,つくば市は、筑波研究学園都市として日本の科学技術の中心地の一つです。
16,霞ヶ浦は日本で2番目に大きな湖で、帆引き船の風景が有名です。
17,鉄道ではJR常磐線や水戸線などが県内を縦横に走っています。
18,茨城県は農業が盛んで、米や野菜、果物など多様な農産物が生産されています。
19,潮来市は水郷として知られ、サッパ船での観光やあやめ祭りが有名です。
20,県北部には奥久慈と呼ばれる自然豊かな山間地域が広がっています。
21,茨城の夏の風物詩として、土浦全国花火競技大会は非常に有名です。
22,牛久大仏は、世界で最も高い立像の一つとしてギネス世界記録に登録されています。
23,平磯海岸には、カモメの群れが飛び交うのを見られることがあります。
24,五浦海岸は、岡倉天心らによって日本美術院が設立された地としても歴史的に重要です。
25,茨城県沖は暖流と寒流が交わるため、多様な種類の海産物が水揚げされます。
26,鹿島アントラーズは、Jリーグの強豪チームとして知られています。
27,石岡市は関東の「三大祭」の一つ、常陸國總社宮大祭（石岡のおまつり）で賑わいます。
28,水戸藩の藩校であった弘道館は、国の重要文化財に指定されています。
29,常陸太田市にある竜神大吊橋は、バンジージャンプの名所としても知られています。
30,涸沼は、シジミが特産品として有名な汽水湖です。
31,笠間稲荷神社は、日本三大稲荷の一つに数えられる歴史ある神社です。
32,阿字ヶ浦海岸は、夏には多くの海水浴客で賑わう人気のビーチです。
33,大子町は、リンゴの産地としても知られ、りんご狩りが楽しめます。
34,茨城の地酒は、清らかな水と良質な米から作られ、様々な銘柄があります。
35,県内には、古い歴史を持つ寺社仏閣が点在しています。
36,古河市は、歴史的な街並みが残り、古河公方ゆかりの地としても知られます。
37,潮来市の水郷潮来あやめ園では、初夏に500種以上のあやめが咲き誇ります。
38,大洗マリンタワーからは、太平洋と大洗の街並みを一望できます。
39,茨城ゴールデンゴールズは、欽ちゃんこと萩本欽一さんが監督を務めたアマチュア野球チームです。
40,常陸秋そばは、茨城県が誇るそばの品種で、風味の良さが特徴です。
41,つくばエクスプレス（TX）は、つくば市と東京都心をつなぐ重要な交通機関です。
42,土浦市は、レンコンの産地としても有名です。
43,坂東市には、将門公ゆかりの史跡が多く残されています。
44,茨城の秋は、紅葉狩りや味覚狩りが楽しめる季節です。
45,水戸藩の歴史や文化を伝える施設が県内には多数存在します。
46,北茨城市の磯原海岸は、日本の渚百選にも選ばれています。
47,茨城県立カシマサッカースタジアムは、鹿島アントラーズのホームスタジアムです。
48,結城市は、高級絹織物である結城紬の産地として知られています。
49,ひたち海浜公園の観覧車からは、広大な敷地と海を見渡せます。
50,常総市は、鬼怒川と小貝川の二つの川が流れる水資源に恵まれた地域です。
51,那珂湊おさかな市場は、新鮮な魚介類が手に入ると人気のスポットです。
52,茨城百景として選定された美しい景勝地が県内各地にあります。
53,日立市の平和通りは、春には見事な桜並木で知られています。
54,道の駅が県内各地にあり、地元の特産品やお土産を購入できます。
55,茨城県は、豊かな水資源を活かした工業も盛んです。
56,水戸市は、毎年2月に水戸の梅まつりが開催され、多くの観光客で賑わいます。
57,高萩市の花貫渓谷は、特に秋の紅葉が美しく、吊り橋からの眺めが有名です。
58,つくば国際会議場は、国際的なイベントや会議の開催地として利用されています。
59,茨城県の海岸線は太平洋に面しており、サーフィンなどのマリンスポーツが楽しめます。
60,笠間芸術の森公園には、陶芸や工芸の展示施設があります。
61,常陸大宮市は、和紙の産地としても知られています。
62,茨城県は、全国有数のレンコンの生産地です。
63,龍ケ崎市には、龍ケ崎カントリー倶楽部などゴルフ場が多くあります。
64,茨城の冬は比較的晴れの日が多く、観光に適しています。
65,桜川市は、ヤマザクラの自生地として知られ、春には美しい桜を見ることができます。
66,大洗磯前神社は、海に面した絶景の鳥居があることで有名です。
67,県内には、新鮮な牛乳や乳製品を生産する牧場が点在しています。
68,取手市は、東京藝術大学の取手キャンパスがあるなど、芸術にも縁の深い街です。
69,茨城県立歴史館では、茨城の歴史や文化に関する展示が行われています。
70,つくば山ガマの油は、筑波山名物の一つとして知られる伝統的な薬用油です。
71,小美玉市は、酪農が盛んで「ヨーグルトの里」としてもPRされています。
72,茨城県は、温暖な気候を活かした施設園芸が盛んです。
73,霞ヶ浦周辺には、サイクリングロードが整備されており、多くのサイクリストが訪れます。
74,茨城の醤油は、古くから伝統的な製法で作られています。
75,守谷市は、つくばエクスプレス開通により発展したベッドタウンです。
76,日立製作所の創業の地であり、企業城下町としての側面も持っています。
77,八郷盆地は、栗の産地として有名です。
78,茨城の夏は、海や湖でのレジャーが人気です。
79,茨城県フラワーパーク（現在のいばらきフラワーパーク）は、バラが有名な施設です。
80,県内の多くの神社仏閣では、年間を通じて様々な祭礼が行われています。
81,常磐自動車道が県内を縦断し、交通の利便性が高いです。
82,水戸の千波湖は、市民の憩いの場として親しまれています。
83,神栖市は、鹿島臨海工業地帯の一部を担う工業都市です。
84,茨城県は、ゴルフ場が多く、ゴルフ愛好家に人気があります。
85,笠間日動美術館は、国内外の美術作品を所蔵・展示しています。
86,茨城は、干し芋の生産量も多く、冬の特産品として人気です。
87,境町の「さかいリバーサイドパーク」は、利根川沿いの広大な公園です。
88,茨城県立自然博物館は、恐竜の骨格標本など自然に関する展示があります。
89,大洗町のめんたいパークは、明太子のテーマパークとして人気です。
90,茨城の農産物直売所では、新鮮で安価な地元の食材が手に入ります。
91,東海村は、原子力研究施設が集積している地域として知られています。
92,高萩市の二ッ島は、震災後に復活した奇岩として有名です。
93,常陸の国風土記に、茨城県の地名や伝説が多く記されています。
94,常陸多賀駅周辺は、日立市の商業の中心地の一つです。
95,小貝川ふれあい公園は、自然観察やレクリエーションに適した公園です。
96,茨城県は、特に冬場のワカサギ釣りが楽しめます。
97,水戸市では、毎年7月に水戸黄門まつりが開催されます。
98,奥久慈しゃもは、豊かな自然の中で育まれた地鶏で、歯ごたえと旨味が特徴です。
99,茨城県内の大学には、筑波大学や茨城大学などがあります。
100,茨城の海沿いには、海産物を提供する食事処が多く並んでいます。
101,日向寺さんは、サイクリングが趣味です。
